{
	"format_version": "1.8.0",
	"animations": {
		"animation.diansu_supervivens.test": {
			"animation_length": 1.0833,
			"bones": {
				"Body": {
					"rotation": {
						"0.0": {
							"vector": [0, 0, 0]
						},
						"0.0417": {
							"vector": [0, 0, -2.5]
						},
						"0.0833": {
							"vector": [0, 0, -5]
						},
						"0.125": {
							"vector": [0, 0, -7.5]
						},
						"0.1667": {
							"vector": [0, 0, -10]
						}
					},
					"position": {
						"0.0": {
							"vector": [0, 0, 0]
						},
						"0.0417": {
							"vector": [0, 0, 0]
						}
					}
				},
				"Chest": {
					"rotation": {
						"vector": [0, 0, 0]
					},
					"position": {
						"vector": [0, 0, 0]
					}
				},
				"LeftArm": {
					"rotation": {
						"0.0": {
							"vector": [0, 0, 0]
						},
						"0.0417": {
							"vector": [-5.10395, 2.27982, -4.99245]
						},
						"0.0833": {
							"vector": [-7.97969, 3.96064, -12.79729]
						},
						"0.125": {
							"vector": [-10.65018, 4.09593, -17.89774]
						},
						"0.1667": {
							"vector": [-11.27493, 1.70968, -30.18458]
						},
						"0.2083": {
							"vector": [-11.18599, -2.22393, -49.79799]
						},
						"0.25": {
							"vector": [-9.77529, -5.89841, -69.51097]
						},
						"0.2917": {
							"vector": [-6.78929, -9.18207, -91.96998]
						},
						"0.3333": {
							"vector": [-0.23795, -11.39971, -127.49205]
						},
						"0.5833": {
							"vector": [-8.92978, -7.11896, -76.95921],
							"easing": "easeInOutSine"
						},
						"0.8333": {
							"vector": [2.1132, -10.61098, -139.42393]
						},
						"1.0833": {
							"vector": [-8.92978, -7.11896, -76.95921],
							"easing": "easeInOutSine"
						}
					},
					"position": {
						"0.0": {
							"vector": [0, 0, 0]
						},
						"0.3333": {
							"vector": [0, 1, 0]
						}
					}
				},
				"RightArm": {
					"rotation": {
						"0.0": {
							"vector": [0, 0, 0]
						},
						"0.0417": {
							"vector": [0, 0, 2.5]
						},
						"0.0833": {
							"vector": [0, 0, 5]
						},
						"0.125": {
							"vector": [0, 0, 7.5]
						},
						"0.1667": {
							"vector": [0, 0, 10]
						}
					},
					"position": {
						"0.0": {
							"vector": [0, 0, 0]
						},
						"0.0417": {
							"vector": [-0.249, 0.011, 0]
						},
						"0.1667": {
							"vector": [-0.5, 0.01, 0]
						}
					}
				},
				"Head": {
					"rotation": {
						"0.0": {
							"vector": [0, 0, 0]
						},
						"0.0417": {
							"vector": [0, 0, -2.5]
						}
					},
					"position": {
						"vector": [0, 0, 0]
					}
				}
			}
		}
	}
}